"ID","school","grade","class","L11","L12","L13","L24","L25","L26","L37","L38","L39","R11","R12","R13","R14","R15","R16","R27","R28","R29","R210","R211","R212","R213","R214","R215"
"106HCH01E0601001","o","C","@",1,1,1,1,1,1,1,1,1,1,1,1,1,1,1,1,1,1,1,1,0,1,1,1
"106HCH01E0601002","o","C","@",1,0,0,0,1,0,0,0,1,0,1,0,0,1,0,0,1,1,0,1,0,1,0,0
"106HCH01E0601003","o","C","@",1,0,0,0,0,0,0,0,1,0,0,0,0,1,0,1,1,0,0,0,0,0,0,0
"106HCH01E0601004","o","C","@",1,0,0,1,1,1,1,0,0,0,0,0,1,1,1,0,1,0,1,0,0,0,0,0
"106HCH01E0601005","o","C","@",1,0,0,0,0,0,1,0,1,0,0,0,0,0,1,0,0,0,0,0,1,0,0,0
"106HCH01E0601006","o","C","@",1,0,0,1,0,0,0,1,1,1,1,1,0,1,1,1,1,0,0,0,0,1,1,0
"106HCH01E0601007","o","C","@",1,1,1,0,0,0,0,0,1,0,0,0,0,1,0,1,1,0,1,1,1,0,0,0
"106HCH01E0601008","o","C","@",1,0,0,1,0,1,1,1,1,1,1,1,1,1,0,1,1,0,1,1,0,1,1,1
"106HCH01E0601009","o","C","@",1,1,1,1,0,0,1,1,0,1,1,1,1,1,0,1,1,0,1,1,1,1,1,1
"106HCH01E0601010","o","C","@",1,0,1,0,0,0,0,1,1,0,0,0,0,1,0,1,0,0,0,0,0,1,0,1
"106HCH01E0601011","o","C","@",1,0,0,0,0,0,0,1,1,0,0,0,0,0,0,0,0,0,0,1,0,0,0,0
"106HCH01E0601012","o","C","@",0,0,0,0,0,0,0,1,1,0,0,0,0,0,1,0,0,0,0,0,0,0,0,0
"106HCH01E0601013","o","C","@",0,1,1,0,0,0,0,0,1,0,0,0,0,1,1,0,0,0,0,1,0,1,1,0
"106HCH01E0601014","o","C","@",1,0,0,0,0,0,0,1,1,0,1,1,0,0,1,1,0,1,1,0,0,1,1,0
"105HCH01E0601001","o","K","@",0,0,0,0,0,0,1,0,1,0,0,1,0,0,1,0,0,1,0,0,1,1,1,1
"105HCH01E0601002","o","K","@",1,1,1,1,0,0,1,1,0,0,1,1,1,0,0,1,1,1,1,0,1,1,1,0
"105HCH01E0601003","o","K","@",1,1,1,1,0,1,0,1,1,1,1,1,1,0,1,1,0,0,0,0,1,1,1,0
"105HCH01E0601004","o","K","@",1,1,1,1,1,1,1,1,1,1,1,1,0,1,0,1,1,0,1,1,0,1,1,1
"105HCH01E0601005","o","K","@",1,1,1,1,0,0,1,1,1,0,1,1,0,0,1,0,0,0,0,0,1,1,1,0
"105HCH01E0601006","o","K","@",0,1,1,0,0,0,0,1,0,0,0,0,0,0,0,0,1,0,0,0,0,0,0,0
"105HCH01E0601007","o","K","@",1,0,0,0,0,0,0,1,1,0,0,0,0,0,0,0,1,0,0,1,0,0,0,1
"105HCH01E0601008","o","K","@",1,1,1,0,0,0,0,0,1,0,0,1,1,0,0,0,0,1,1,1,1,1,1,0
"105HCH01E0601009","o","K","@",1,1,1,1,0,1,0,1,1,1,1,1,1,0,1,1,1,1,1,0,0,1,1,0
"105HCH01E0601010","o","K","@",1,0,1,1,0,1,1,1,1,1,1,1,0,0,1,1,1,1,1,1,0,1,1,1
"105HCH01E0601011","o","K","@",1,1,1,0,0,0,1,0,1,1,1,1,0,0,1,1,1,0,1,0,0,1,1,1
"105HCH01E0601012","o","K","@",1,0,1,0,0,1,0,1,1,1,1,1,1,0,0,1,0,1,0,0,0,0,1,0
"105HCH01E0601013","o","K","@",1,1,1,1,1,1,1,1,1,1,1,1,1,1,1,1,1,1,1,1,1,1,1,1
"105HCH01E0601014","o","K","@",1,1,1,1,0,1,1,1,1,1,1,1,1,1,1,1,1,1,1,1,1,1,1,1
"105HCH01E0601015","o","K","@",1,1,1,1,0,0,1,1,1,0,1,1,1,0,0,0,0,1,1,0,1,1,1,0
"105HCH01E0601016","o","K","@",1,0,1,1,0,0,1,1,1,0,1,1,0,1,1,1,1,0,0,1,1,1,1,1
"105HCH01E0601017","o","K","@",1,1,1,1,1,1,1,1,1,1,1,1,0,1,1,1,1,1,1,1,1,1,1,1
"105HCH01E0601018","o","K","@",1,0,0,1,0,0,0,1,1,0,1,1,1,0,1,0,0,1,1,0,0,1,1,0
"105HCH01E0601019","o","K","@",1,1,1,1,0,1,0,1,1,1,1,1,1,0,1,1,0,0,1,1,0,1,1,1
"105HCH01E0601020","o","K","@",1,1,1,1,0,0,1,1,1,1,1,1,1,1,1,1,1,0,1,0,1,1,1,1
"105HCH01E0601021","o","K","@",1,0,1,1,0,0,0,1,1,0,1,1,0,0,1,0,1,0,1,0,1,0,1,0
"105HCH01E0601022","o","K","@",1,0,1,1,0,0,1,1,1,1,1,1,1,1,0,1,1,1,1,0,0,1,1,1
"106HCH01E0701001","_H","C","┚",1,1,1,0,0,0,0,1,1,0,1,1,0,1,0,1,0,0,1,0,0,1,0,1
"106HCH01E0701002","_H","C","┚",1,0,1,0,0,0,1,1,1,1,1,1,1,0,0,1,0,0,0,0,0,1,1,1
"106HCH01E0701003","_H","C","┚",1,1,1,0,0,0,1,1,1,0,0,1,0,0,0,0,0,1,0,0,0,0,0,0
"106HCH01E0701004","_H","C","┚",1,1,1,1,0,1,1,1,1,1,1,1,1,0,1,1,1,1,1,1,1,1,1,1
"106HCH01E0701005","_H","C","┚",0,1,1,0,1,0,0,0,1,0,0,0,0,1,0,0,1,1,1,1,0,0,0,0
"106HCH01E0701006","_H","C","┚",1,1,1,1,0,0,1,1,1,1,1,1,0,1,1,1,0,1,1,0,0,1,1,1
"106HCH01E0701007","_H","C","┚",1,1,1,0,0,0,0,0,0,0,0,1,0,0,0,0,0,1,0,0,0,0,0,0
"106HCH01E0701008","_H","C","┚",0,1,1,1,0,0,1,1,1,0,1,1,1,0,1,0,1,0,1,1,0,0,0,0
"106HCH01E0701009","_H","C","┚",1,1,1,1,0,0,1,1,1,1,0,1,1,1,0,1,1,0,1,0,1,1,1,0
"106HCH01E0701010","_H","C","┚",1,1,1,0,0,0,1,1,1,1,1,0,0,0,0,0,1,1,1,1,1,1,1,0
"106HCH01E0701011","_H","C","┚",1,0,0,0,0,0,0,0,1,1,1,0,0,0,0,1,0,0,0,0,0,1,0,0
"106HCH01E0701012","_H","C","┚",1,1,1,1,0,0,1,1,1,1,1,1,0,0,1,1,0,0,0,0,1,1,0,0
"106HCH01E0701013","_H","C","┚",1,1,0,1,0,0,1,0,1,0,1,1,1,1,0,1,0,0,0,0,1,1,0,0
"106HCH01E0701014","_H","C","┚",1,1,1,1,0,0,1,1,1,0,0,0,0,0,0,0,0,0,0,0,0,0,0,0
"106HCH01E0701015","_H","C","┚",0,0,0,0,0,0,0,0,1,1,1,0,0,0,0,0,1,0,0,0,0,1,1,1
"106HCH01E0701016","_H","C","┚",1,0,1,1,0,0,1,1,0,0,1,1,1,0,0,1,0,0,0,0,0,1,1,1
"106HCH01E0701017","_H","C","┚",0,1,1,1,0,1,1,1,1,1,0,1,1,1,0,1,1,1,1,1,1,1,1,1
"106HCH01E0701018","_H","C","┚",1,1,1,1,0,1,1,1,1,1,1,1,1,1,1,1,1,1,1,1,1,1,1,0
"106HCH01E0701019","_H","C","┚",1,0,1,0,0,0,0,1,1,1,1,1,0,0,0,0,0,0,1,0,0,0,0,0
"106HCH01E0701020","_H","C","┚",0,0,0,1,0,0,1,1,1,0,0,0,0,1,0,0,1,1,0,0,0,1,0,0
"106HCH01E0703001","_H","C","く",0,1,0,1,1,0,1,0,0,0,1,0,0,0,0,0,1,0,0,0,0,0,0,0
"106HCH01E0703002","_H","C","く",0,1,1,1,1,1,0,0,0,0,0,0,0,0,0,0,1,0,0,1,0,0,0,0
"106HCH01E0703003","_H","C","く",0,1,1,0,0,0,1,0,1,0,1,1,1,1,1,0,0,0,0,0,0,1,0,1
"106HCH01E0703004","_H","C","く",0,0,0,1,0,1,0,0,0,0,1,0,0,0,0,0,0,0,0,0,0,0,1,0
"106HCH01E0703005","_H","C","く",1,0,1,0,0,1,1,0,0,0,0,0,0,0,0,1,0,1,0,0,0,0,1,1
"106HCH01E0703006","_H","C","く",1,1,0,1,1,1,1,1,1,1,1,1,1,1,1,1,1,1,1,0,1,1,1,1
"106HCH01E0703007","_H","C","く",0,1,1,0,0,0,1,1,1,1,1,1,1,0,0,1,1,0,0,0,0,1,1,0
"106HCH01E0703008","_H","C","く",1,1,1,0,1,0,0,0,0,0,0,1,1,0,0,0,0,1,0,0,0,1,1,1
"106HCH01E0703009","_H","C","く",0,1,1,1,1,1,1,1,1,1,1,1,1,1,1,1,1,0,1,1,1,0,1,0
"106HCH01E0703010","_H","C","く",0,0,1,1,0,1,0,1,1,0,0,1,1,1,0,1,1,1,1,1,0,1,1,1
"106HCH01E0703011","_H","C","く",0,1,1,1,1,0,1,1,1,0,1,1,1,1,0,1,0,1,0,1,0,1,1,0
"106HCH01E0703012","_H","C","く",1,1,0,0,0,0,1,1,1,0,1,1,0,0,0,0,0,0,0,0,0,0,1,1
"106HCH01E0703013","_H","C","く",1,1,1,1,1,0,1,1,1,0,0,1,1,1,0,1,1,0,1,1,0,1,1,0
"106HCH01E0703014","_H","C","く",1,1,1,0,0,0,1,1,0,1,0,1,1,1,0,0,0,1,0,0,0,0,1,1
"106HCH01E0703015","_H","C","く",1,1,1,0,0,0,0,0,1,0,0,1,0,1,1,0,1,1,0,0,0,1,0,1
"106HCH01E0703016","_H","C","く",1,1,1,1,0,0,0,0,1,0,0,0,0,0,1,0,0,0,0,0,0,0,1,0
"106HCH01E0703017","_H","C","く",1,1,1,1,0,1,1,1,1,0,1,1,1,1,1,1,1,1,1,1,0,1,1,1
"106HCH01E0703018","_H","C","く",1,1,1,1,0,1,1,1,0,0,1,1,1,1,1,1,1,1,1,1,1,0,1,1
"106HCH01E0703019","_H","C","く",1,0,1,0,0,0,1,1,1,0,0,1,0,0,0,0,0,0,1,0,0,0,0,0
"106HCH01E0703020","_H","C","く",1,1,1,1,0,1,1,1,0,1,1,1,0,1,0,1,1,0,1,0,1,1,1,1
"105HCH01E0701001","_H","K","┚",1,0,1,0,0,0,0,0,1,0,0,0,1,0,0,1,0,0,1,1,0,1,0,0
"105HCH01E0701002","_H","K","┚",0,0,1,0,0,1,1,1,0,1,0,1,0,0,1,0,0,0,0,0,0,0,1,1
"105HCH01E0701003","_H","K","┚",0,0,0,0,0,0,0,0,1,0,0,0,0,0,0,0,0,1,0,0,1,0,0,0
"105HCH01E0701004","_H","K","┚",0,0,1,0,0,1,0,1,1,0,0,0,1,0,0,0,0,0,0,0,1,1,1,0
"105HCH01E0701005","_H","K","┚",1,1,1,1,0,0,1,1,1,0,1,1,1,1,1,1,1,0,0,0,0,1,1,1
"105HCH01E0701006","_H","K","┚",0,1,0,0,0,1,1,0,0,0,0,0,0,0,0,0,1,0,0,1,0,0,0,0
"105HCH01E0701007","_H","K","┚",0,1,0,0,0,0,0,1,0,0,0,1,1,0,0,0,0,0,1,1,1,1,0,0
"105HCH01E0701008","_H","K","┚",1,1,0,0,0,1,1,1,1,0,0,1,0,0,0,0,0,0,0,1,0,0,0,0
"105HCH01E0701009","_H","K","┚",1,1,1,1,1,1,0,0,0,0,0,1,0,0,0,1,1,1,1,1,1,1,0,0
"105HCH01E0701010","_H","K","┚",1,1,1,1,0,1,0,0,1,1,1,1,1,1,1,1,1,1,1,0,0,0,1,0
"105HCH01E0701011","_H","K","┚",1,1,1,1,1,1,1,1,1,0,1,1,1,1,1,1,1,1,1,0,1,1,1,0
"105HCH01E0701012","_H","K","┚",1,0,1,0,0,0,1,1,1,1,0,0,0,0,1,0,0,1,0,1,1,0,1,0
"105HCH01E0701013","_H","K","┚",1,1,1,1,0,0,1,0,0,0,1,1,0,0,0,0,0,1,1,0,1,0,0,0
"105HCH01E0701014","_H","K","┚",0,0,1,1,1,1,1,1,1,1,0,1,0,0,0,1,0,0,0,0,0,1,1,0
"105HCH01E0701015","_H","K","┚",1,1,1,0,1,1,1,1,0,1,1,1,1,1,1,1,1,1,1,1,1,1,1,1
"105HCH01E0701016","_H","K","┚",1,1,1,1,0,1,1,1,1,1,0,1,1,1,0,1,1,1,1,1,0,1,1,0
"105HCH01E0701017","_H","K","┚",1,1,1,1,0,1,1,1,1,1,0,1,1,1,1,1,1,0,1,0,0,1,1,1
"105HCH01E0701018","_H","K","┚",1,0,1,1,0,1,1,1,0,1,1,1,1,1,1,1,1,1,1,0,1,1,1,0
"105HCH01E0701019","_H","K","┚",0,0,0,1,1,0,1,1,0,0,0,0,0,0,0,0,0,0,0,0,1,1,0,0
"105HCH01E0701020","_H","K","┚",0,0,0,0,0,0,0,1,1,1,0,1,0,0,0,0,0,0,0,0,1,1,1,1
"105HCH01E0701021","_H","K","┚",1,1,1,1,0,0,1,1,1,0,1,1,1,1,0,1,1,1,1,0,1,1,1,0
"105HCH01E0701022","_H","K","┚",1,1,1,1,0,1,1,1,0,1,1,1,1,1,1,1,1,0,1,1,1,1,1,1
"105HCH01E0701023","_H","K","┚",0,1,0,1,0,1,1,1,1,1,1,1,1,1,0,1,1,0,1,0,0,1,1,0
"105HCH01E0701024","_H","K","┚",1,0,0,1,0,1,1,1,1,1,1,1,1,0,0,1,0,0,1,0,0,1,1,0
"105HCH01E0701025","_H","K","┚",0,0,0,1,1,1,1,1,1,0,1,1,0,0,0,1,1,0,0,1,0,1,1,0
"105HCH01E0701026","_H","K","┚",1,1,0,1,0,0,1,0,1,0,1,1,1,0,0,0,0,0,1,0,1,0,0,0
"105HCH01E0701027","_H","K","┚",1,1,0,1,0,1,1,0,1,0,1,1,1,0,1,0,0,0,0,0,0,1,0,0
"105HCH01E0702001","_H","K","У",1,1,1,1,0,1,1,1,1,1,1,1,1,1,1,1,1,1,1,1,1,1,1,1
"105HCH01E0702002","_H","K","У",1,1,1,1,0,1,1,1,1,1,1,1,1,0,1,1,0,0,1,1,1,1,1,0
"105HCH01E0702003","_H","K","У",0,0,0,0,0,0,1,0,1,1,0,0,0,0,0,0,0,0,1,0,0,0,1,0
"105HCH01E0702004","_H","K","У",1,0,0,0,0,0,1,1,0,0,1,0,0,0,1,1,0,0,0,0,0,0,0,1
"105HCH01E0702005","_H","K","У",1,1,1,1,0,1,1,1,1,0,1,1,1,1,1,1,1,1,1,1,1,1,1,1
"105HCH01E0702006","_H","K","У",1,1,1,1,0,1,1,1,1,1,1,1,1,1,1,1,1,1,1,1,1,1,1,1
"105HCH01E0702007","_H","K","У",1,0,1,0,0,0,0,0,1,0,0,1,0,1,0,0,0,0,0,0,1,0,1,1
"105HCH01E0702008","_H","K","У",1,1,1,1,1,1,1,1,1,1,1,1,1,1,1,1,1,1,1,1,1,1,1,1
"105HCH01E0702009","_H","K","У",1,1,1,1,0,0,1,1,1,1,1,1,1,0,1,1,1,1,1,0,1,1,1,1
"105HCH01E0702010","_H","K","У",1,0,0,0,0,1,0,1,0,1,0,0,0,0,0,0,0,0,0,0,1,0,1,1
"105HCH01E0702011","_H","K","У",0,0,0,0,0,1,0,0,1,0,1,0,0,0,0,0,1,1,1,0,0,0,1,0
"105HCH01E0702012","_H","K","У",1,1,1,1,1,1,1,1,1,1,1,1,1,1,1,1,1,1,1,1,1,1,1,1
"105HCH01E0702013","_H","K","У",1,1,1,1,0,1,1,1,1,1,1,1,1,1,1,1,1,1,1,1,1,1,1,1
"105HCH01E0702014","_H","K","У",0,0,0,1,1,0,0,1,1,0,1,1,0,0,1,0,1,0,1,0,0,0,1,0
"105HCH01E0702015","_H","K","У",0,0,1,0,1,1,0,1,1,0,0,0,0,0,0,0,0,0,0,0,1,1,0,0
"105HCH01E0702016","_H","K","У",1,0,1,1,0,1,1,1,1,0,1,1,1,1,1,1,1,1,1,1,1,1,1,1
"105HCH01E0702017","_H","K","У",0,1,1,0,1,1,1,1,0,1,1,1,1,1,0,1,0,0,1,0,0,1,0,1
"105HCH01E0702018","_H","K","У",1,1,1,1,0,1,1,1,1,1,1,1,1,1,1,1,1,1,1,1,1,1,1,1
"105HCH01E0702019","_H","K","У",1,1,1,0,0,1,1,1,0,1,1,1,0,0,0,1,1,1,1,1,1,1,1,1
"105HCH01E0702020","_H","K","У",1,0,1,0,0,0,0,0,0,0,0,0,0,0,0,0,0,1,0,1,0,0,0,0
"105HCH01E0702021","_H","K","У",1,0,1,1,1,1,1,1,1,1,1,1,1,0,1,1,1,1,1,1,0,1,1,1
"105HCH01E0702022","_H","K","У",1,1,1,1,0,1,0,1,1,1,1,0,1,0,0,1,1,0,1,0,0,1,1,0
"105HCH01E0702023","_H","K","У",1,1,1,1,0,0,1,1,0,1,1,1,1,0,0,1,1,0,0,1,0,1,1,0
"105HCH01E0702024","_H","K","У",1,1,1,1,0,1,1,1,1,1,1,1,1,1,1,1,1,1,1,1,1,1,1,1
"105HCH01E0702025","_H","K","У",1,0,0,0,1,1,0,0,1,0,0,0,0,0,0,1,0,0,1,1,0,1,1,0
"105HCH01E0702026","_H","K","У",1,0,0,1,0,0,0,0,1,0,0,0,1,1,0,0,0,0,0,0,0,0,1,1
"105HCH01E0702027","_H","K","У",1,0,0,1,0,0,1,1,1,1,1,1,1,0,0,1,1,0,1,0,0,1,1,0
"105HCH01E0702028","_H","K","У",0,0,0,1,0,0,1,1,1,0,1,1,0,1,0,1,1,0,1,1,0,1,1,0
"105HCH01E0703001","_H","K","く",1,1,1,0,1,0,0,1,0,0,0,0,1,0,1,0,0,0,0,0,0,0,0,1
"105HCH01E0703002","_H","K","く",1,0,1,0,0,1,0,0,1,0,0,1,0,1,1,0,0,1,1,1,0,1,0,1
"105HCH01E0703003","_H","K","く",1,1,1,1,0,1,1,1,0,1,1,1,1,0,1,1,1,0,1,1,1,1,1,0
"105HCH01E0703004","_H","K","く",1,1,1,0,0,1,1,1,1,1,1,1,1,1,0,0,1,0,1,0,1,1,1,0
"105HCH01E0703005","_H","K","く",1,0,0,1,0,1,1,1,1,0,1,1,0,0,1,0,1,0,0,0,1,1,0,0
"105HCH01E0703006","_H","K","く",0,0,1,1,0,1,0,1,1,0,1,1,0,0,1,0,0,0,1,1,0,1,0,0
"105HCH01E0703007","_H","K","く",1,1,1,1,0,1,1,1,0,1,1,1,0,0,1,1,0,0,1,0,0,0,0,1
"105HCH01E0703008","_H","K","く",1,1,0,1,0,0,1,1,1,0,1,1,1,1,0,1,0,1,0,0,0,1,1,0
"105HCH01E0703009","_H","K","く",1,0,0,0,0,0,0,0,1,0,0,0,1,0,0,0,0,0,0,0,1,1,1,0
"105HCH01E0703010","_H","K","く",1,0,1,1,0,1,1,1,1,0,1,1,1,0,0,0,1,1,1,1,0,1,1,1
"105HCH01E0703011","_H","K","く",1,1,1,1,0,1,1,1,0,1,1,1,1,1,1,1,1,1,1,0,1,1,1,1
"105HCH01E0703012","_H","K","く",1,1,1,1,0,1,1,1,1,0,1,1,0,1,0,1,1,0,1,0,0,1,0,0
"105HCH01E0703013","_H","K","く",1,1,0,0,0,1,0,1,0,0,0,0,0,1,0,0,1,0,0,1,0,0,0,0
"105HCH01E0703014","_H","K","く",1,0,0,0,1,0,0,0,0,1,1,0,0,1,0,0,1,0,0,0,0,0,0,0
"105HCH01E0703015","_H","K","く",1,1,1,1,0,1,1,1,1,1,1,1,1,1,0,1,1,0,1,0,0,1,0,0
"105HCH01E0703016","_H","K","く",1,0,1,1,0,1,0,1,1,1,1,1,1,0,1,1,1,0,1,1,1,1,1,1
"105HCH01E0703017","_H","K","く",1,0,1,1,0,0,1,1,1,1,1,1,1,1,1,1,1,1,1,1,1,1,1,1
"105HCH01E0703018","_H","K","く",1,1,0,0,0,0,0,1,0,0,0,0,0,0,0,1,0,0,0,0,0,0,0,0
"105HCH01E0703019","_H","K","く",1,0,1,0,0,0,1,0,1,1,0,0,0,0,0,1,0,1,0,1,1,1,1,0
"105HCH01E0703020","_H","K","く",1,1,1,1,0,0,1,1,1,1,1,1,1,0,1,1,1,0,1,1,1,1,1,0
"105HCH01E0703021","_H","K","く",1,0,1,0,0,1,1,1,0,1,1,1,1,1,1,1,1,1,1,1,0,1,1,1
"105HCH01E0703022","_H","K","く",1,1,1,1,0,1,1,1,1,1,1,1,0,1,0,1,1,0,1,1,1,1,1,1
"105HCH01E0703023","_H","K","く",1,1,1,1,0,1,1,1,1,1,1,1,1,1,1,1,1,0,1,0,1,1,1,1
"105HCH01E0703024","_H","K","く",0,1,0,0,0,1,0,0,0,0,0,1,0,0,1,0,1,0,0,0,1,1,1,1
"105HCH01E0703025","_H","K","く",1,0,1,1,0,1,1,1,1,0,1,1,1,0,1,0,0,0,0,0,0,1,1,0
"105HCH01E0703026","_H","K","く",1,1,1,1,0,1,1,1,1,1,1,1,1,0,1,1,1,0,1,0,0,1,1,0
"105HCH01E0703027","_H","K","く",1,1,1,1,1,1,1,1,0,1,1,1,1,1,1,0,1,1,1,0,1,1,0,0
"105HCH01E0703028","_H","K","く",1,0,1,1,0,0,0,1,0,0,0,1,1,0,1,0,1,0,1,0,0,1,1,0
"106HCH01B0313001","Θ\","C","13",1,1,1,1,1,1,1,1,1,1,1,1,1,1,0,1,1,1,1,1,0,1,1,1
"106HCH01B0313002","Θ\","C","13",1,1,1,1,1,1,1,1,1,1,1,1,1,1,1,1,1,1,1,1,0,1,1,0
"106HCH01B0313003","Θ\","C","13",1,1,1,1,1,0,0,0,1,1,0,1,0,0,0,0,1,0,1,1,0,1,1,1
"106HCH01B0313004","Θ\","C","13",1,1,1,1,0,1,1,1,1,1,1,1,1,1,1,1,1,1,1,0,1,1,1,1
"106HCH01B0313005","Θ\","C","13",1,1,1,1,1,1,1,1,1,1,1,1,1,1,1,1,1,0,1,1,0,1,1,1
"106HCH01B0313006","Θ\","C","13",1,1,1,1,1,1,1,1,1,1,1,1,1,1,1,1,1,1,1,0,1,1,1,1
"106HCH01B0313007","Θ\","C","13",1,1,1,1,0,0,1,1,1,1,1,1,1,1,1,1,1,1,1,1,1,1,1,1
"106HCH01B0313008","Θ\","C","13",1,1,1,1,0,1,1,1,1,0,1,1,1,1,0,1,1,0,1,1,0,1,1,1
"106HCH01B0313009","Θ\","C","13",1,1,1,0,1,1,1,1,1,0,0,1,1,1,0,1,0,1,0,1,0,1,0,1
"106HCH01B0313010","Θ\","C","13",1,1,1,1,1,1,1,1,1,0,1,1,1,1,1,1,1,1,1,1,1,1,1,1
"106HCH01B0313011","Θ\","C","13",1,0,1,1,0,1,1,0,1,1,1,1,1,1,1,1,1,1,1,1,1,1,1,1
"106HCH01B0313012","Θ\","C","13",1,0,1,1,0,0,1,1,1,0,0,1,1,1,1,1,1,1,1,1,0,1,1,0
"106HCH01B0313013","Θ\","C","13",1,1,1,0,0,0,1,1,0,1,1,1,0,0,0,1,0,0,1,1,1,1,0,0
"106HCH01B0313014","Θ\","C","13",1,1,1,1,0,1,1,1,1,0,1,1,1,1,0,1,1,1,1,1,0,1,1,1
"106HCH01B0313015","Θ\","C","13",1,0,1,1,1,1,1,1,1,1,1,1,1,1,1,1,1,1,1,1,1,1,1,1
"106HCH01B0313016","Θ\","C","13",1,1,1,1,0,0,1,1,1,0,1,1,1,1,1,1,0,1,1,1,1,1,1,0
"106HCH01B0313017","Θ\","C","13",1,1,1,1,0,0,1,1,1,1,1,1,1,1,1,1,1,1,1,1,1,1,1,1
"106HCH01B0313018","Θ\","C","13",1,1,1,1,0,1,1,1,1,1,1,1,1,1,0,1,1,0,1,1,0,1,1,1
"106HCH01B0313019","Θ\","C","13",1,1,1,1,1,1,1,1,1,1,1,1,1,1,1,1,1,1,1,1,1,1,1,1
"106HCH01B0313020","Θ\","C","13",1,1,1,1,1,1,0,1,1,1,1,1,0,0,0,1,0,0,1,0,1,1,1,1
"106HCH01B0313021","Θ\","C","13",1,1,1,1,0,1,1,1,1,1,1,1,1,1,1,1,1,1,1,1,1,1,1,1
"106HCH01B0313022","Θ\","C","13",1,1,1,1,0,0,1,1,1,1,1,1,1,1,1,1,1,1,1,1,1,1,1,1
"106HCH01B0313023","Θ\","C","13",1,1,1,1,0,0,1,1,1,1,1,1,1,1,1,1,1,1,1,1,1,1,1,1
"106HCH01B0313024","Θ\","C","13",1,1,1,1,1,1,1,1,1,1,1,1,1,1,1,1,1,1,1,1,1,1,1,1
"106HCH01B0313025","Θ\","C","13",1,1,1,1,0,1,1,1,1,1,1,1,1,1,1,1,1,0,1,1,1,1,1,1
"106HCH01B0313026","Θ\","C","13",1,1,1,1,1,1,1,1,1,1,1,1,1,1,0,1,1,0,1,1,0,0,1,1
"106HCH01B0313027","Θ\","C","13",1,1,1,1,0,1,1,1,1,0,1,1,1,1,0,1,1,1,1,1,1,1,1,1
"106HCH01B0313028","Θ\","C","13",1,1,1,1,0,1,1,1,1,1,1,1,1,1,1,1,0,0,1,0,1,1,1,0
"106HCH01B0313029","Θ\","C","13",1,1,1,1,0,1,1,1,1,1,1,1,1,1,0,1,1,1,1,1,1,1,1,1
"106HCH01B0313030","Θ\","C","13",1,1,1,1,1,1,1,1,1,1,1,1,1,1,1,1,1,1,1,1,1,1,1,1
"105HCH01B0305001","Θ\","K","5",0,1,1,1,0,1,0,1,1,0,0,0,1,0,0,0,1,1,0,0,0,1,1,1
"105HCH01B0305002","Θ\","K","5",1,0,1,1,1,1,1,1,1,1,1,1,1,1,1,1,1,1,1,1,1,1,1,1
"105HCH01B0305003","Θ\","K","5",1,1,1,1,0,1,1,1,1,1,1,1,1,0,1,1,1,1,1,1,1,1,0,1
"105HCH01B0305004","Θ\","K","5",1,1,1,1,0,1,1,1,1,1,1,1,1,1,1,1,1,1,1,0,1,1,1,1
"105HCH01B0305005","Θ\","K","5",1,1,1,1,1,1,1,1,1,1,1,1,1,1,1,1,1,1,1,1,0,1,1,1
"105HCH01B0305006","Θ\","K","5",1,0,1,1,1,0,1,1,1,1,1,1,1,1,1,1,1,1,1,1,1,1,1,1
"105HCH01B0305007","Θ\","K","5",1,1,1,1,0,1,1,1,0,1,1,1,1,1,1,1,1,1,1,1,1,1,1,1
"105HCH01B0305008","Θ\","K","5",1,1,1,1,0,1,1,1,1,1,1,1,1,0,1,1,1,1,1,1,1,1,1,0
"105HCH01B0305009","Θ\","K","5",1,1,0,1,0,0,1,0,1,1,1,1,1,0,0,1,1,1,1,1,0,1,1,1
"105HCH01B0305010","Θ\","K","5",1,1,1,1,1,1,1,1,1,1,1,1,1,1,1,1,1,1,1,1,0,1,1,1
"105HCH01B0305011","Θ\","K","5",1,1,1,1,1,1,1,1,1,1,1,1,1,1,1,1,1,1,1,1,1,1,1,1
"105HCH01B0305012","Θ\","K","5",1,0,1,1,1,1,1,1,1,1,1,1,1,1,1,1,1,1,1,1,1,1,1,1
"105HCH01B0305013","Θ\","K","5",1,1,1,1,0,1,1,1,1,1,1,1,1,1,1,1,1,1,1,1,1,1,1,1
"105HCH01B0305014","Θ\","K","5",1,1,1,1,0,1,1,1,1,1,1,1,1,1,1,1,1,1,1,1,1,1,1,1
"105HCH01B0305015","Θ\","K","5",1,1,1,1,0,1,1,1,1,1,1,1,1,1,1,1,1,1,1,1,1,1,1,1
"105HCH01B0305016","Θ\","K","5",1,1,1,0,1,1,0,1,1,1,1,1,1,1,0,1,1,1,1,0,1,1,1,1
"105HCH01B0305017","Θ\","K","5",1,1,1,1,0,1,1,1,1,1,1,1,1,1,1,1,1,1,1,1,1,1,1,1
"105HCH01B0305018","Θ\","K","5",1,1,1,1,0,1,1,1,1,1,1,1,1,1,1,1,1,1,1,1,1,1,1,1
"105HCH01B0305019","Θ\","K","5",1,1,1,1,1,1,1,1,1,1,1,1,0,1,1,1,1,1,1,1,1,1,1,1
"105HCH01B0305020","Θ\","K","5",1,1,1,1,1,1,1,1,1,1,1,1,1,1,1,1,1,1,1,1,1,1,1,1
"105HCH01B0305021","Θ\","K","5",1,1,1,1,1,1,1,1,1,1,1,1,1,1,1,1,1,1,1,1,1,1,1,1
"105HCH01B0305022","Θ\","K","5",1,1,1,1,0,1,1,1,1,1,1,1,1,1,1,1,1,1,1,1,1,1,1,1
"105HCH01B0305023","Θ\","K","5",1,0,1,1,0,1,1,1,1,1,1,1,1,1,1,1,1,1,1,0,1,1,1,1
"105HCH01B0305024","Θ\","K","5",1,1,1,1,0,0,1,1,0,0,1,1,0,1,1,1,1,1,1,1,1,1,1,1
"105HCH01B0305025","Θ\","K","5",1,1,1,1,1,1,1,1,1,1,1,1,1,1,1,1,1,1,1,1,1,1,1,1
"105HCH01B0305026","Θ\","K","5",1,1,1,1,0,1,1,1,1,1,1,1,1,1,1,1,1,1,1,1,1,1,1,1
"105HCH01B0305027","Θ\","K","5",1,1,1,1,0,1,1,1,1,1,1,1,1,1,1,1,1,1,1,1,1,1,1,1
"105HCH01B0305028","Θ\","K","5",1,1,1,1,1,1,1,1,0,1,1,1,1,1,1,1,1,1,1,1,1,1,1,1
"105HCH01B0305029","Θ\","K","5",1,1,1,1,0,1,1,1,1,1,1,1,1,1,1,1,1,1,1,1,1,1,1,0
"105HCH01B0305030","Θ\","K","5",1,0,1,1,0,1,1,1,1,1,1,0,1,0,1,1,1,1,1,1,0,1,1,1
"106HCH01R0401001","地s","C","@",0,0,0,0,0,0,0,0,0,1,0,1,0,1,1,0,0,1,0,1,1,0,0,0
"106HCH01R0401002","地s","C","@",1,0,0,1,0,0,1,1,1,0,0,0,1,0,0,1,0,0,0,0,0,0,1,1
"106HCH01R0401003","地s","C","@",0,0,0,0,0,0,1,1,1,1,1,0,0,0,1,1,0,0,0,0,0,1,1,0
"106HCH01R0401004","地s","C","@",0,0,0,0,0,0,1,1,1,1,1,1,1,0,0,0,0,0,0,0,0,1,0,0
"106HCH01R0401005","地s","C","@",1,1,1,1,0,0,0,0,1,0,1,1,0,0,0,1,0,0,1,0,0,1,1,0
"106HCH01R0401006","地s","C","@",1,0,0,0,0,0,0,1,0,1,1,0,0,0,0,1,0,0,0,0,0,0,1,1
"106HCH01R0401007","地s","C","@",1,0,0,0,0,1,0,1,0,1,1,1,1,0,0,1,0,0,0,0,0,1,0,0
"106HCH01R0401008","地s","C","@",0,0,1,0,0,0,0,1,0,1,1,1,0,0,0,0,1,0,0,0,0,1,1,0
"106HCH01R0401009","地s","C","@",1,1,1,1,0,1,1,0,1,1,1,1,1,0,0,1,1,1,1,0,1,1,1,0
"106HCH01R0401010","地s","C","@",1,0,1,1,1,1,1,1,1,1,1,1,1,1,1,1,1,1,1,1,1,1,1,1
"106HCH01R0401011","地s","C","@",1,1,1,1,0,0,1,1,1,1,1,1,1,1,0,1,1,0,1,1,0,1,1,0
"106HCH01R0401012","地s","C","@",1,1,1,1,0,1,0,1,1,1,1,1,0,0,0,0,1,0,1,0,0,1,1,1
"106HCH01R0401013","地s","C","@",1,0,1,1,0,0,1,1,1,1,1,1,1,0,0,1,1,1,1,0,0,1,1,0
"106HCH01R0401014","地s","C","@",1,1,1,0,0,0,0,0,0,0,1,0,0,1,0,1,0,0,0,0,1,1,1,0
"106HCH01R0401015","地s","C","@",1,0,0,0,1,1,0,0,1,0,1,1,1,0,0,0,1,0,1,1,0,1,1,0
"106HCH01R0401016","地s","C","@",1,0,0,0,0,0,0,1,0,0,0,0,1,0,0,0,0,1,1,0,0,0,1,0
"105HCH01R0402001","地s","K","G",1,0,1,1,0,1,1,1,1,1,0,1,0,0,0,1,1,1,0,0,0,0,1,0
"105HCH01R0402002","地s","K","G",1,1,1,1,1,0,1,1,1,0,1,1,1,0,0,1,0,0,1,0,1,1,1,0
"105HCH01R0402003","地s","K","G",1,1,1,0,1,1,1,1,1,1,1,1,0,0,1,1,0,0,1,0,0,1,1,0
"105HCH01R0402004","地s","K","G",1,1,1,1,1,1,1,1,1,1,1,1,1,1,1,1,1,1,1,0,1,1,1,1
"105HCH01R0402005","地s","K","G",1,0,1,1,0,0,1,1,1,1,1,1,1,0,1,1,1,1,1,1,1,1,1,1
"105HCH01R0402006","地s","K","G",1,1,1,1,0,0,1,1,0,0,1,1,1,1,0,1,1,1,1,0,0,1,1,0
"105HCH01R0402007","地s","K","G",1,0,1,0,0,1,1,0,1,1,0,1,0,1,1,0,0,0,0,0,0,0,1,0
"105HCH01R0402008","地s","K","G",1,0,1,1,1,0,1,1,1,1,1,1,1,0,1,1,1,1,0,0,0,1,1,1
"105HCH01R0402009","地s","K","G",1,0,1,1,1,0,1,1,0,0,0,1,0,0,0,1,1,1,0,0,1,1,1,1
"105HCH01R0402010","地s","K","G",1,0,1,1,1,0,0,0,1,0,0,1,1,0,0,1,1,0,0,0,0,0,0,0
"105HCH01R0402011","地s","K","G",1,1,1,1,0,1,1,0,1,1,1,1,1,0,1,1,1,1,1,1,1,1,1,1
"105HCH01R0402012","地s","K","G",1,0,1,1,0,0,1,1,1,1,0,1,0,1,1,1,1,1,0,0,0,1,1,0
"105HCH01R0402013","地s","K","G",1,1,1,1,1,1,1,1,1,1,0,1,0,1,1,1,0,1,1,0,1,1,1,0
